date,new_cases,province
2020-06-07,14.0,Sofiya-Grad
2020-06-08,17.0,Sofiya-Grad
2020-06-09,18.0,Sofiya-Grad
2020-06-10,18.0,Sofiya-Grad
2020-06-11,18.0,Sofiya-Grad
2020-06-12,17.0,Sofiya-Grad
2020-06-13,17.0,Sofiya-Grad
2020-06-14,17.0,Sofiya-Grad
2020-06-15,17.0,Sofiya-Grad
2020-06-16,18.0,Sofiya-Grad
2020-06-17,19.0,Sofiya-Grad
2020-06-18,20.0,Sofiya-Grad
2020-06-19,22.0,Sofiya-Grad
2020-06-20,23.0,Sofiya-Grad
2020-06-21,25.0,Sofiya-Grad
2020-06-22,28.0,Sofiya-Grad
2020-06-23,29.0,Sofiya-Grad
2020-06-24,31.0,Sofiya-Grad
2020-06-25,31.0,Sofiya-Grad
2020-06-26,30.0,Sofiya-Grad
2020-06-27,31.0,Sofiya-Grad
2020-06-28,31.0,Sofiya-Grad
2020-06-29,32.0,Sofiya-Grad
2020-06-30,35.0,Sofiya-Grad
2020-07-01,38.0,Sofiya-Grad
2020-07-02,41.0,Sofiya-Grad
2020-07-03,47.0,Sofiya-Grad
2020-07-04,52.0,Sofiya-Grad
2020-07-05,57.0,Sofiya-Grad
2020-07-06,64.0,Sofiya-Grad
2020-07-07,71.0,Sofiya-Grad
2020-07-08,78.0,Sofiya-Grad
2020-07-09,80.0,Sofiya-Grad
2020-07-10,83.0,Sofiya-Grad
2020-07-11,86.0,Sofiya-Grad
2020-07-12,84.0,Sofiya-Grad
2020-07-13,84.0,Sofiya-Grad
2020-07-14,84.0,Sofiya-Grad
2020-07-15,80.0,Sofiya-Grad
2020-07-16,77.0,Sofiya-Grad
2020-07-17,76.0,Sofiya-Grad
2020-07-18,78.0,Sofiya-Grad
2020-07-19,77.0,Sofiya-Grad
2020-07-20,74.0,Sofiya-Grad
2020-07-21,72.0,Sofiya-Grad
2020-07-22,71.0,Sofiya-Grad
2020-07-23,68.0,Sofiya-Grad
2020-07-24,67.0,Sofiya-Grad
2020-07-25,65.0,Sofiya-Grad
2020-07-26,62.0,Sofiya-Grad
2020-07-27,59.0,Sofiya-Grad
2020-07-28,56.0,Sofiya-Grad
2020-07-29,53.0,Sofiya-Grad
2020-07-30,49.0,Sofiya-Grad
2020-07-31,44.0,Sofiya-Grad
2020-08-01,42.0,Sofiya-Grad
2020-08-02,37.0,Sofiya-Grad
2020-08-03,38.0,Sofiya-Grad
2020-08-04,38.0,Sofiya-Grad
2020-08-05,38.0,Sofiya-Grad
2020-08-06,38.0,Sofiya-Grad
2020-08-07,37.0,Sofiya-Grad
2020-08-08,38.0,Sofiya-Grad
2020-08-09,36.0,Sofiya-Grad
2020-08-10,34.0,Sofiya-Grad
2020-08-11,32.0,Sofiya-Grad
2020-08-12,28.0,Sofiya-Grad
2020-08-13,25.0,Sofiya-Grad
2020-08-14,24.0,Sofiya-Grad
2020-08-15,24.0,Sofiya-Grad
2020-08-16,23.0,Sofiya-Grad
2020-08-17,20.0,Sofiya-Grad
2020-08-18,21.0,Sofiya-Grad
2020-08-19,22.0,Sofiya-Grad
2020-08-20,23.0,Sofiya-Grad
2020-08-21,23.0,Sofiya-Grad
2020-08-22,24.0,Sofiya-Grad
2020-08-23,23.0,Sofiya-Grad
2020-08-24,23.0,Sofiya-Grad
2020-08-25,24.0,Sofiya-Grad
2020-08-26,24.0,Sofiya-Grad
2020-08-27,23.0,Sofiya-Grad
2020-08-28,22.0,Sofiya-Grad
2020-08-29,23.0,Sofiya-Grad
2020-08-30,22.0,Sofiya-Grad
2020-08-31,23.0,Sofiya-Grad
2020-09-01,24.0,Sofiya-Grad
2020-09-02,25.0,Sofiya-Grad
2020-09-03,26.0,Sofiya-Grad
2020-09-04,26.0,Sofiya-Grad
2020-09-05,25.0,Sofiya-Grad
2020-09-06,24.0,Sofiya-Grad
2020-09-07,23.0,Sofiya-Grad
2020-09-08,23.0,Sofiya-Grad
2020-09-09,22.0,Sofiya-Grad
2020-09-10,22.0,Sofiya-Grad
2020-09-11,23.0,Sofiya-Grad
2020-09-12,24.0,Sofiya-Grad
2020-09-13,25.0,Sofiya-Grad
2020-09-14,27.0,Sofiya-Grad
2020-09-15,28.0,Sofiya-Grad
2020-09-16,28.0,Sofiya-Grad
2020-09-17,27.0,Sofiya-Grad
2020-09-18,28.0,Sofiya-Grad
2020-09-19,29.0,Sofiya-Grad
2020-09-20,29.0,Sofiya-Grad
2020-09-21,30.0,Sofiya-Grad
2020-09-22,32.0,Sofiya-Grad
2020-09-23,33.0,Sofiya-Grad
2020-09-24,34.0,Sofiya-Grad
2020-09-25,36.0,Sofiya-Grad
2020-09-26,38.0,Sofiya-Grad
2020-09-27,39.0,Sofiya-Grad
2020-09-28,41.0,Sofiya-Grad
2020-09-29,42.0,Sofiya-Grad
2020-09-30,43.0,Sofiya-Grad
2020-10-01,44.0,Sofiya-Grad
2020-10-02,47.0,Sofiya-Grad
2020-10-03,54.0,Sofiya-Grad
2020-10-04,62.0,Sofiya-Grad
2020-10-05,72.0,Sofiya-Grad
2020-10-06,87.0,Sofiya-Grad
2020-10-07,101.0,Sofiya-Grad
2020-10-08,109.0,Sofiya-Grad
2020-10-09,120.0,Sofiya-Grad
2020-10-10,135.0,Sofiya-Grad
2020-10-11,151.0,Sofiya-Grad
2020-10-12,166.0,Sofiya-Grad
2020-10-13,187.0,Sofiya-Grad
2020-10-14,204.0,Sofiya-Grad
2020-10-15,214.0,Sofiya-Grad
2020-10-16,229.0,Sofiya-Grad
2020-10-17,258.0,Sofiya-Grad
2020-10-18,283.0,Sofiya-Grad
2020-10-19,315.0,Sofiya-Grad
2020-10-20,358.0,Sofiya-Grad
2020-10-21,395.0,Sofiya-Grad
2020-10-22,408.0,Sofiya-Grad
2020-10-23,458.0,Sofiya-Grad
2020-10-24,522.0,Sofiya-Grad
2020-10-25,590.0,Sofiya-Grad
2020-10-26,662.0,Sofiya-Grad
2020-10-27,749.0,Sofiya-Grad
2020-10-28,817.0,Sofiya-Grad
2020-10-29,857.0,Sofiya-Grad
2020-10-30,901.0,Sofiya-Grad
2020-10-31,975.0,Sofiya-Grad
2020-11-01,1010.0,Sofiya-Grad
2020-11-02,1047.0,Sofiya-Grad
2020-11-03,1112.0,Sofiya-Grad
2020-11-04,1152.0,Sofiya-Grad
2020-11-05,1140.0,Sofiya-Grad
2020-11-06,1165.0,Sofiya-Grad
2020-11-07,1174.0,Sofiya-Grad
2020-11-08,1146.0,Sofiya-Grad
2020-11-09,1092.0,Sofiya-Grad
2020-11-10,1078.0,Sofiya-Grad
2020-11-11,1065.0,Sofiya-Grad
2020-11-12,1001.0,Sofiya-Grad
2020-11-13,996.0,Sofiya-Grad
2020-11-14,1012.0,Sofiya-Grad
2020-11-15,965.0,Sofiya-Grad
2020-11-16,942.0,Sofiya-Grad
2020-11-17,948.0,Sofiya-Grad
2020-11-18,931.0,Sofiya-Grad
2020-11-19,882.0,Sofiya-Grad
2020-11-20,867.0,Sofiya-Grad
2020-11-21,863.0,Sofiya-Grad
2020-11-22,816.0,Sofiya-Grad
2020-11-23,771.0,Sofiya-Grad
2020-11-24,760.0,Sofiya-Grad
2020-11-25,734.0,Sofiya-Grad
2020-11-26,683.0,Sofiya-Grad
2020-11-27,672.0,Sofiya-Grad
2020-11-28,653.0,Sofiya-Grad
2020-11-29,606.0,Sofiya-Grad
2020-11-30,573.0,Sofiya-Grad
2020-12-01,561.0,Sofiya-Grad
2020-12-02,555.0,Sofiya-Grad
2020-12-03,532.0,Sofiya-Grad
2020-12-04,533.0,Sofiya-Grad
2020-12-05,545.0,Sofiya-Grad
2020-12-06,527.0,Sofiya-Grad
2020-12-07,512.0,Sofiya-Grad
2020-12-08,509.0,Sofiya-Grad
2020-12-09,501.0,Sofiya-Grad
2020-12-10,490.0,Sofiya-Grad
2020-12-11,490.0,Sofiya-Grad
2020-12-12,493.0,Sofiya-Grad
2020-12-13,471.0,Sofiya-Grad
2020-12-15,439.0,Sofiya-Grad
2020-09-15,11.0,Plovdiv
2020-09-16,11.0,Plovdiv
2020-09-17,11.0,Plovdiv
2020-09-18,12.0,Plovdiv
2020-09-19,12.0,Plovdiv
2020-09-20,11.0,Plovdiv
2020-09-21,11.0,Plovdiv
2020-09-22,11.0,Plovdiv
2020-09-23,11.0,Plovdiv
2020-09-24,11.0,Plovdiv
2020-09-25,12.0,Plovdiv
2020-09-26,13.0,Plovdiv
2020-09-27,14.0,Plovdiv
2020-09-28,16.0,Plovdiv
2020-09-29,18.0,Plovdiv
2020-09-30,19.0,Plovdiv
2020-10-01,19.0,Plovdiv
2020-10-02,21.0,Plovdiv
2020-10-03,23.0,Plovdiv
2020-10-04,26.0,Plovdiv
2020-10-05,29.0,Plovdiv
2020-10-06,34.0,Plovdiv
2020-10-07,39.0,Plovdiv
2020-10-08,40.0,Plovdiv
2020-10-09,43.0,Plovdiv
2020-10-10,47.0,Plovdiv
2020-10-11,50.0,Plovdiv
2020-10-12,55.0,Plovdiv
2020-10-13,61.0,Plovdiv
2020-10-14,67.0,Plovdiv
2020-10-15,69.0,Plovdiv
2020-10-16,74.0,Plovdiv
2020-10-17,81.0,Plovdiv
2020-10-18,86.0,Plovdiv
2020-10-19,92.0,Plovdiv
2020-10-20,101.0,Plovdiv
2020-10-21,107.0,Plovdiv
2020-10-22,107.0,Plovdiv
2020-10-23,115.0,Plovdiv
2020-10-24,127.0,Plovdiv
2020-10-25,134.0,Plovdiv
2020-10-26,148.0,Plovdiv
2020-10-27,162.0,Plovdiv
2020-10-28,174.0,Plovdiv
2020-10-29,177.0,Plovdiv
2020-10-30,188.0,Plovdiv
2020-10-31,203.0,Plovdiv
2020-11-01,209.0,Plovdiv
2020-11-02,223.0,Plovdiv
2020-11-03,246.0,Plovdiv
2020-11-04,257.0,Plovdiv
2020-11-05,257.0,Plovdiv
2020-11-06,270.0,Plovdiv
2020-11-07,286.0,Plovdiv
2020-11-08,290.0,Plovdiv
2020-11-09,300.0,Plovdiv
2020-11-10,312.0,Plovdiv
2020-11-11,321.0,Plovdiv
2020-11-12,311.0,Plovdiv
2020-11-13,315.0,Plovdiv
2020-11-14,329.0,Plovdiv
2020-11-15,324.0,Plovdiv
2020-11-16,321.0,Plovdiv
2020-11-17,334.0,Plovdiv
2020-11-18,334.0,Plovdiv
2020-11-19,324.0,Plovdiv
2020-11-20,322.0,Plovdiv
2020-11-21,329.0,Plovdiv
2020-11-22,321.0,Plovdiv
2020-11-23,312.0,Plovdiv
2020-11-24,313.0,Plovdiv
2020-11-25,312.0,Plovdiv
2020-11-26,295.0,Plovdiv
2020-11-27,294.0,Plovdiv
2020-11-28,292.0,Plovdiv
2020-11-29,275.0,Plovdiv
2020-11-30,262.0,Plovdiv
2020-12-01,266.0,Plovdiv
2020-12-02,264.0,Plovdiv
2020-12-03,256.0,Plovdiv
2020-12-04,263.0,Plovdiv
2020-12-05,273.0,Plovdiv
2020-12-06,267.0,Plovdiv
2020-12-07,264.0,Plovdiv
2020-12-08,271.0,Plovdiv
2020-12-09,269.0,Plovdiv
2020-12-10,272.0,Plovdiv
2020-12-11,282.0,Plovdiv
2020-12-12,291.0,Plovdiv
2020-12-13,278.0,Plovdiv
2020-12-15,261.0,Plovdiv
2020-09-29,11.0,Varna
2020-09-30,12.0,Varna
2020-10-01,13.0,Varna
2020-10-02,14.0,Varna
2020-10-03,15.0,Varna
2020-10-04,16.0,Varna
2020-10-05,17.0,Varna
2020-10-06,19.0,Varna
2020-10-07,21.0,Varna
2020-10-08,22.0,Varna
2020-10-09,25.0,Varna
2020-10-10,27.0,Varna
2020-10-11,28.0,Varna
2020-10-12,29.0,Varna
2020-10-13,29.0,Varna
2020-10-14,28.0,Varna
2020-10-15,27.0,Varna
2020-10-16,27.0,Varna
2020-10-17,30.0,Varna
2020-10-18,34.0,Varna
2020-10-19,40.0,Varna
2020-10-20,46.0,Varna
2020-10-21,53.0,Varna
2020-10-22,55.0,Varna
2020-10-23,60.0,Varna
2020-10-24,70.0,Varna
2020-10-25,78.0,Varna
2020-10-26,89.0,Varna
2020-10-27,102.0,Varna
2020-10-28,114.0,Varna
2020-10-29,121.0,Varna
2020-10-30,128.0,Varna
2020-10-31,138.0,Varna
2020-11-01,142.0,Varna
2020-11-02,152.0,Varna
2020-11-03,161.0,Varna
2020-11-04,177.0,Varna
2020-11-05,179.0,Varna
2020-11-06,187.0,Varna
2020-11-07,200.0,Varna
2020-11-08,207.0,Varna
2020-11-09,206.0,Varna
2020-11-10,222.0,Varna
2020-11-11,226.0,Varna
2020-11-12,228.0,Varna
2020-11-13,220.0,Varna
2020-11-14,239.0,Varna
2020-11-15,239.0,Varna
2020-11-16,237.0,Varna
2020-11-17,244.0,Varna
2020-11-18,253.0,Varna
2020-11-19,240.0,Varna
2020-11-20,243.0,Varna
2020-11-21,252.0,Varna
2020-11-22,254.0,Varna
2020-11-23,243.0,Varna
2020-11-24,249.0,Varna
2020-11-25,254.0,Varna
2020-11-26,246.0,Varna
2020-11-27,244.0,Varna
2020-11-28,245.0,Varna
2020-11-29,237.0,Varna
2020-11-30,233.0,Varna
2020-12-01,235.0,Varna
2020-12-02,243.0,Varna
2020-12-03,245.0,Varna
2020-12-04,248.0,Varna
2020-12-05,262.0,Varna
2020-12-06,266.0,Varna
2020-12-07,269.0,Varna
2020-12-08,273.0,Varna
2020-12-09,267.0,Varna
2020-12-10,267.0,Varna
2020-12-11,264.0,Varna
2020-12-12,265.0,Varna
2020-12-13,259.0,Varna
2020-12-15,239.0,Varna
2020-09-12,10.0,Burgas
2020-09-13,10.0,Burgas
2020-09-14,10.0,Burgas
2020-09-15,10.0,Burgas
2020-09-16,10.0,Burgas
2020-09-17,9.0,Burgas
2020-09-18,9.0,Burgas
2020-09-19,9.0,Burgas
2020-09-20,9.0,Burgas
2020-09-21,10.0,Burgas
2020-09-22,12.0,Burgas
2020-09-23,13.0,Burgas
2020-09-24,14.0,Burgas
2020-09-25,18.0,Burgas
2020-09-26,20.0,Burgas
2020-09-27,21.0,Burgas
2020-09-28,23.0,Burgas
2020-09-29,24.0,Burgas
2020-09-30,23.0,Burgas
2020-10-01,22.0,Burgas
2020-10-02,20.0,Burgas
2020-10-03,20.0,Burgas
2020-10-04,17.0,Burgas
2020-10-05,18.0,Burgas
2020-10-06,20.0,Burgas
2020-10-07,20.0,Burgas
2020-10-08,20.0,Burgas
2020-10-09,22.0,Burgas
2020-10-10,23.0,Burgas
2020-10-11,24.0,Burgas
2020-10-12,26.0,Burgas
2020-10-13,29.0,Burgas
2020-10-14,32.0,Burgas
2020-10-15,33.0,Burgas
2020-10-16,37.0,Burgas
2020-10-17,42.0,Burgas
2020-10-18,44.0,Burgas
2020-10-19,46.0,Burgas
2020-10-20,48.0,Burgas
2020-10-21,47.0,Burgas
2020-10-22,46.0,Burgas
2020-10-23,47.0,Burgas
2020-10-24,51.0,Burgas
2020-10-25,52.0,Burgas
2020-10-26,58.0,Burgas
2020-10-27,64.0,Burgas
2020-10-28,72.0,Burgas
2020-10-29,74.0,Burgas
2020-10-30,76.0,Burgas
2020-10-31,79.0,Burgas
2020-11-01,81.0,Burgas
2020-11-02,92.0,Burgas
2020-11-03,98.0,Burgas
2020-11-04,108.0,Burgas
2020-11-05,112.0,Burgas
2020-11-06,117.0,Burgas
2020-11-07,124.0,Burgas
2020-11-08,134.0,Burgas
2020-11-09,137.0,Burgas
2020-11-10,150.0,Burgas
2020-11-11,153.0,Burgas
2020-11-12,162.0,Burgas
2020-11-13,166.0,Burgas
2020-11-14,178.0,Burgas
2020-11-15,178.0,Burgas
2020-11-16,182.0,Burgas
2020-11-17,179.0,Burgas
2020-11-18,185.0,Burgas
2020-11-19,181.0,Burgas
2020-11-20,177.0,Burgas
2020-11-21,183.0,Burgas
2020-11-22,182.0,Burgas
2020-11-23,183.0,Burgas
2020-11-24,187.0,Burgas
2020-11-25,188.0,Burgas
2020-11-26,190.0,Burgas
2020-11-27,188.0,Burgas
2020-11-28,194.0,Burgas
2020-11-29,200.0,Burgas
2020-11-30,206.0,Burgas
2020-12-01,218.0,Burgas
2020-12-02,225.0,Burgas
2020-12-03,230.0,Burgas
2020-12-04,226.0,Burgas
2020-12-05,236.0,Burgas
2020-12-06,229.0,Burgas
2020-12-07,229.0,Burgas
2020-12-08,236.0,Burgas
2020-12-09,228.0,Burgas
2020-12-10,230.0,Burgas
2020-12-11,234.0,Burgas
2020-12-12,237.0,Burgas
2020-12-13,236.0,Burgas
2020-12-15,206.0,Burgas
2020-09-15,10.0,Stara Zagora
2020-09-16,10.0,Stara Zagora
2020-09-17,9.0,Stara Zagora
2020-09-18,10.0,Stara Zagora
2020-09-19,9.0,Stara Zagora
2020-09-20,9.0,Stara Zagora
2020-09-21,9.0,Stara Zagora
2020-09-22,10.0,Stara Zagora
2020-09-23,11.0,Stara Zagora
2020-09-24,10.0,Stara Zagora
2020-09-25,11.0,Stara Zagora
2020-09-26,12.0,Stara Zagora
2020-09-27,12.0,Stara Zagora
2020-09-28,13.0,Stara Zagora
2020-09-29,13.0,Stara Zagora
2020-09-30,13.0,Stara Zagora
2020-10-01,12.0,Stara Zagora
2020-10-02,13.0,Stara Zagora
2020-10-03,14.0,Stara Zagora
2020-10-04,15.0,Stara Zagora
2020-10-05,15.0,Stara Zagora
2020-10-06,17.0,Stara Zagora
2020-10-07,17.0,Stara Zagora
2020-10-08,17.0,Stara Zagora
2020-10-09,18.0,Stara Zagora
2020-10-10,20.0,Stara Zagora
2020-10-11,20.0,Stara Zagora
2020-10-12,21.0,Stara Zagora
2020-10-13,24.0,Stara Zagora
2020-10-14,26.0,Stara Zagora
2020-10-15,27.0,Stara Zagora
2020-10-16,29.0,Stara Zagora
2020-10-17,33.0,Stara Zagora
2020-10-18,34.0,Stara Zagora
2020-10-19,36.0,Stara Zagora
2020-10-20,42.0,Stara Zagora
2020-10-21,45.0,Stara Zagora
2020-10-22,46.0,Stara Zagora
2020-10-23,49.0,Stara Zagora
2020-10-24,53.0,Stara Zagora
2020-10-25,55.0,Stara Zagora
2020-10-26,60.0,Stara Zagora
2020-10-27,69.0,Stara Zagora
2020-10-28,74.0,Stara Zagora
2020-10-29,75.0,Stara Zagora
2020-10-30,77.0,Stara Zagora
2020-10-31,83.0,Stara Zagora
2020-11-01,90.0,Stara Zagora
2020-11-02,96.0,Stara Zagora
2020-11-03,104.0,Stara Zagora
2020-11-04,107.0,Stara Zagora
2020-11-05,105.0,Stara Zagora
2020-11-06,111.0,Stara Zagora
2020-11-07,118.0,Stara Zagora
2020-11-08,118.0,Stara Zagora
2020-11-09,120.0,Stara Zagora
2020-11-10,121.0,Stara Zagora
2020-11-11,126.0,Stara Zagora
2020-11-12,124.0,Stara Zagora
2020-11-13,128.0,Stara Zagora
2020-11-14,137.0,Stara Zagora
2020-11-15,138.0,Stara Zagora
2020-11-16,142.0,Stara Zagora
2020-11-17,162.0,Stara Zagora
2020-11-18,166.0,Stara Zagora
2020-11-19,165.0,Stara Zagora
2020-11-20,169.0,Stara Zagora
2020-11-21,177.0,Stara Zagora
2020-11-22,174.0,Stara Zagora
2020-11-23,170.0,Stara Zagora
2020-11-24,175.0,Stara Zagora
2020-11-25,174.0,Stara Zagora
2020-11-26,161.0,Stara Zagora
2020-11-27,166.0,Stara Zagora
2020-11-28,170.0,Stara Zagora
2020-11-29,163.0,Stara Zagora
2020-11-30,156.0,Stara Zagora
2020-12-01,161.0,Stara Zagora
2020-12-02,157.0,Stara Zagora
2020-12-03,147.0,Stara Zagora
2020-12-04,152.0,Stara Zagora
2020-12-05,158.0,Stara Zagora
2020-12-06,151.0,Stara Zagora
2020-12-07,146.0,Stara Zagora
2020-12-08,146.0,Stara Zagora
2020-12-09,143.0,Stara Zagora
2020-12-10,140.0,Stara Zagora
2020-12-11,143.0,Stara Zagora
2020-12-12,145.0,Stara Zagora
2020-12-13,133.0,Stara Zagora
2020-12-15,121.0,Stara Zagora
2020-07-08,11.0,Blagoevgrad
2020-07-09,12.0,Blagoevgrad
2020-07-10,13.0,Blagoevgrad
2020-07-11,13.0,Blagoevgrad
2020-07-12,13.0,Blagoevgrad
2020-07-13,13.0,Blagoevgrad
2020-07-14,13.0,Blagoevgrad
2020-07-15,13.0,Blagoevgrad
2020-07-16,14.0,Blagoevgrad
2020-07-17,14.0,Blagoevgrad
2020-07-18,15.0,Blagoevgrad
2020-07-19,17.0,Blagoevgrad
2020-07-20,19.0,Blagoevgrad
2020-07-21,20.0,Blagoevgrad
2020-07-22,22.0,Blagoevgrad
2020-07-23,23.0,Blagoevgrad
2020-07-24,23.0,Blagoevgrad
2020-07-25,24.0,Blagoevgrad
2020-07-26,25.0,Blagoevgrad
2020-07-27,25.0,Blagoevgrad
2020-07-28,26.0,Blagoevgrad
2020-07-29,26.0,Blagoevgrad
2020-07-30,26.0,Blagoevgrad
2020-07-31,26.0,Blagoevgrad
2020-08-01,26.0,Blagoevgrad
2020-08-02,29.0,Blagoevgrad
2020-08-03,30.0,Blagoevgrad
2020-08-04,31.0,Blagoevgrad
2020-08-05,31.0,Blagoevgrad
2020-08-06,30.0,Blagoevgrad
2020-08-07,29.0,Blagoevgrad
2020-08-08,27.0,Blagoevgrad
2020-08-09,25.0,Blagoevgrad
2020-08-10,22.0,Blagoevgrad
2020-08-11,18.0,Blagoevgrad
2020-08-12,19.0,Blagoevgrad
2020-08-13,19.0,Blagoevgrad
2020-08-14,19.0,Blagoevgrad
2020-08-15,20.0,Blagoevgrad
2020-08-16,19.0,Blagoevgrad
2020-08-17,18.0,Blagoevgrad
2020-08-18,18.0,Blagoevgrad
2020-08-19,17.0,Blagoevgrad
2020-08-20,17.0,Blagoevgrad
2020-08-21,17.0,Blagoevgrad
2020-08-22,18.0,Blagoevgrad
2020-08-23,19.0,Blagoevgrad
2020-08-24,19.0,Blagoevgrad
2020-08-25,19.0,Blagoevgrad
2020-08-26,21.0,Blagoevgrad
2020-08-27,20.0,Blagoevgrad
2020-08-28,19.0,Blagoevgrad
2020-08-29,19.0,Blagoevgrad
2020-08-30,20.0,Blagoevgrad
2020-08-31,19.0,Blagoevgrad
2020-09-01,20.0,Blagoevgrad
2020-09-02,21.0,Blagoevgrad
2020-09-03,22.0,Blagoevgrad
2020-09-04,21.0,Blagoevgrad
2020-09-05,21.0,Blagoevgrad
2020-09-06,21.0,Blagoevgrad
2020-09-07,19.0,Blagoevgrad
2020-09-08,20.0,Blagoevgrad
2020-09-09,21.0,Blagoevgrad
2020-09-10,21.0,Blagoevgrad
2020-09-11,21.0,Blagoevgrad
2020-09-12,22.0,Blagoevgrad
2020-09-13,22.0,Blagoevgrad
2020-09-14,22.0,Blagoevgrad
2020-09-15,23.0,Blagoevgrad
2020-09-16,22.0,Blagoevgrad
2020-09-17,20.0,Blagoevgrad
2020-09-18,20.0,Blagoevgrad
2020-09-19,21.0,Blagoevgrad
2020-09-20,19.0,Blagoevgrad
2020-09-21,20.0,Blagoevgrad
2020-09-22,21.0,Blagoevgrad
2020-09-23,22.0,Blagoevgrad
2020-09-24,23.0,Blagoevgrad
2020-09-25,23.0,Blagoevgrad
2020-09-26,25.0,Blagoevgrad
2020-09-27,26.0,Blagoevgrad
2020-09-28,26.0,Blagoevgrad
2020-09-29,26.0,Blagoevgrad
2020-09-30,23.0,Blagoevgrad
2020-10-01,22.0,Blagoevgrad
2020-10-02,21.0,Blagoevgrad
2020-10-03,21.0,Blagoevgrad
2020-10-04,21.0,Blagoevgrad
2020-10-05,21.0,Blagoevgrad
2020-10-06,24.0,Blagoevgrad
2020-10-07,29.0,Blagoevgrad
2020-10-08,32.0,Blagoevgrad
2020-10-09,36.0,Blagoevgrad
2020-10-10,41.0,Blagoevgrad
2020-10-11,45.0,Blagoevgrad
2020-10-12,50.0,Blagoevgrad
2020-10-13,53.0,Blagoevgrad
2020-10-14,55.0,Blagoevgrad
2020-10-15,53.0,Blagoevgrad
2020-10-16,53.0,Blagoevgrad
2020-10-17,55.0,Blagoevgrad
2020-10-18,53.0,Blagoevgrad
2020-10-19,53.0,Blagoevgrad
2020-10-20,58.0,Blagoevgrad
2020-10-21,60.0,Blagoevgrad
2020-10-22,62.0,Blagoevgrad
2020-10-23,70.0,Blagoevgrad
2020-10-24,75.0,Blagoevgrad
2020-10-25,83.0,Blagoevgrad
2020-10-26,90.0,Blagoevgrad
2020-10-27,100.0,Blagoevgrad
2020-10-28,102.0,Blagoevgrad
2020-10-29,103.0,Blagoevgrad
2020-10-30,108.0,Blagoevgrad
2020-10-31,115.0,Blagoevgrad
2020-11-01,118.0,Blagoevgrad
2020-11-02,127.0,Blagoevgrad
2020-11-03,139.0,Blagoevgrad
2020-11-04,146.0,Blagoevgrad
2020-11-05,147.0,Blagoevgrad
2020-11-06,155.0,Blagoevgrad
2020-11-07,161.0,Blagoevgrad
2020-11-08,161.0,Blagoevgrad
2020-11-09,161.0,Blagoevgrad
2020-11-10,163.0,Blagoevgrad
2020-11-11,161.0,Blagoevgrad
2020-11-12,152.0,Blagoevgrad
2020-11-13,158.0,Blagoevgrad
2020-11-14,161.0,Blagoevgrad
2020-11-15,158.0,Blagoevgrad
2020-11-16,157.0,Blagoevgrad
2020-11-17,160.0,Blagoevgrad
2020-11-18,159.0,Blagoevgrad
2020-11-19,151.0,Blagoevgrad
2020-11-20,150.0,Blagoevgrad
2020-11-21,147.0,Blagoevgrad
2020-11-22,136.0,Blagoevgrad
2020-11-23,129.0,Blagoevgrad
2020-11-24,125.0,Blagoevgrad
2020-11-25,121.0,Blagoevgrad
2020-11-26,115.0,Blagoevgrad
2020-11-27,115.0,Blagoevgrad
2020-11-28,114.0,Blagoevgrad
2020-11-29,109.0,Blagoevgrad
2020-11-30,108.0,Blagoevgrad
2020-12-01,114.0,Blagoevgrad
2020-12-02,116.0,Blagoevgrad
2020-12-03,114.0,Blagoevgrad
2020-12-04,119.0,Blagoevgrad
2020-12-05,121.0,Blagoevgrad
2020-12-06,117.0,Blagoevgrad
2020-12-07,113.0,Blagoevgrad
2020-12-08,109.0,Blagoevgrad
2020-12-09,106.0,Blagoevgrad
2020-12-10,103.0,Blagoevgrad
2020-12-11,106.0,Blagoevgrad
2020-12-12,108.0,Blagoevgrad
2020-12-13,101.0,Blagoevgrad
2020-12-15,98.0,Blagoevgrad
2020-10-11,10.0,Pazardzhik
2020-10-12,10.0,Pazardzhik
2020-10-13,11.0,Pazardzhik
2020-10-14,13.0,Pazardzhik
2020-10-15,13.0,Pazardzhik
2020-10-16,14.0,Pazardzhik
2020-10-17,15.0,Pazardzhik
2020-10-18,17.0,Pazardzhik
2020-10-19,18.0,Pazardzhik
2020-10-20,20.0,Pazardzhik
2020-10-21,22.0,Pazardzhik
2020-10-22,23.0,Pazardzhik
2020-10-23,25.0,Pazardzhik
2020-10-24,27.0,Pazardzhik
2020-10-25,28.0,Pazardzhik
2020-10-26,30.0,Pazardzhik
2020-10-27,32.0,Pazardzhik
2020-10-28,35.0,Pazardzhik
2020-10-29,36.0,Pazardzhik
2020-10-30,38.0,Pazardzhik
2020-10-31,40.0,Pazardzhik
2020-11-01,42.0,Pazardzhik
2020-11-02,44.0,Pazardzhik
2020-11-03,47.0,Pazardzhik
2020-11-04,50.0,Pazardzhik
2020-11-05,50.0,Pazardzhik
2020-11-06,54.0,Pazardzhik
2020-11-07,59.0,Pazardzhik
2020-11-08,63.0,Pazardzhik
2020-11-09,69.0,Pazardzhik
2020-11-10,73.0,Pazardzhik
2020-11-11,79.0,Pazardzhik
2020-11-12,81.0,Pazardzhik
2020-11-13,82.0,Pazardzhik
2020-11-14,86.0,Pazardzhik
2020-11-15,86.0,Pazardzhik
2020-11-16,86.0,Pazardzhik
2020-11-17,87.0,Pazardzhik
2020-11-18,87.0,Pazardzhik
2020-11-19,86.0,Pazardzhik
2020-11-20,84.0,Pazardzhik
2020-11-21,85.0,Pazardzhik
2020-11-22,83.0,Pazardzhik
2020-11-23,80.0,Pazardzhik
2020-11-24,79.0,Pazardzhik
2020-11-25,79.0,Pazardzhik
2020-11-26,78.0,Pazardzhik
2020-11-27,77.0,Pazardzhik
2020-11-28,76.0,Pazardzhik
2020-11-29,75.0,Pazardzhik
2020-11-30,77.0,Pazardzhik
2020-12-01,79.0,Pazardzhik
2020-12-02,82.0,Pazardzhik
2020-12-03,81.0,Pazardzhik
2020-12-04,82.0,Pazardzhik
2020-12-05,85.0,Pazardzhik
2020-12-06,84.0,Pazardzhik
2020-12-07,81.0,Pazardzhik
2020-12-08,80.0,Pazardzhik
2020-12-09,77.0,Pazardzhik
2020-12-10,76.0,Pazardzhik
2020-12-11,75.0,Pazardzhik
2020-12-12,78.0,Pazardzhik
2020-12-13,75.0,Pazardzhik
2020-12-15,71.0,Pazardzhik
2020-10-14,13.0,Pleven
2020-10-15,15.0,Pleven
2020-10-16,16.0,Pleven
2020-10-17,18.0,Pleven
2020-10-18,20.0,Pleven
2020-10-19,20.0,Pleven
2020-10-20,21.0,Pleven
2020-10-21,21.0,Pleven
2020-10-22,21.0,Pleven
2020-10-23,21.0,Pleven
2020-10-24,25.0,Pleven
2020-10-25,28.0,Pleven
2020-10-26,30.0,Pleven
2020-10-27,37.0,Pleven
2020-10-28,41.0,Pleven
2020-10-29,43.0,Pleven
2020-10-30,45.0,Pleven
2020-10-31,47.0,Pleven
2020-11-01,49.0,Pleven
2020-11-02,50.0,Pleven
2020-11-03,56.0,Pleven
2020-11-04,61.0,Pleven
2020-11-05,61.0,Pleven
2020-11-06,66.0,Pleven
2020-11-07,74.0,Pleven
2020-11-08,78.0,Pleven
2020-11-09,82.0,Pleven
2020-11-10,85.0,Pleven
2020-11-11,87.0,Pleven
2020-11-12,85.0,Pleven
2020-11-13,86.0,Pleven
2020-11-14,90.0,Pleven
2020-11-15,90.0,Pleven
2020-11-16,92.0,Pleven
2020-11-17,95.0,Pleven
2020-11-18,100.0,Pleven
2020-11-19,101.0,Pleven
2020-11-20,103.0,Pleven
2020-11-21,105.0,Pleven
2020-11-22,103.0,Pleven
2020-11-23,98.0,Pleven
2020-11-24,95.0,Pleven
2020-11-25,92.0,Pleven
2020-11-26,88.0,Pleven
2020-11-27,84.0,Pleven
2020-11-28,84.0,Pleven
2020-11-29,81.0,Pleven
2020-11-30,79.0,Pleven
2020-12-01,81.0,Pleven
2020-12-02,81.0,Pleven
2020-12-03,78.0,Pleven
2020-12-04,77.0,Pleven
2020-12-05,79.0,Pleven
2020-12-06,81.0,Pleven
2020-12-07,81.0,Pleven
2020-12-08,85.0,Pleven
2020-12-09,84.0,Pleven
2020-12-10,85.0,Pleven
2020-12-11,88.0,Pleven
2020-12-12,89.0,Pleven
2020-12-13,85.0,Pleven
2020-12-15,79.0,Pleven
2020-10-11,10.0,Veliko Tarnovo
2020-10-12,10.0,Veliko Tarnovo
2020-10-13,11.0,Veliko Tarnovo
2020-10-14,11.0,Veliko Tarnovo
2020-10-15,10.0,Veliko Tarnovo
2020-10-16,11.0,Veliko Tarnovo
2020-10-17,11.0,Veliko Tarnovo
2020-10-18,13.0,Veliko Tarnovo
2020-10-19,14.0,Veliko Tarnovo
2020-10-20,15.0,Veliko Tarnovo
2020-10-21,17.0,Veliko Tarnovo
2020-10-22,17.0,Veliko Tarnovo
2020-10-23,19.0,Veliko Tarnovo
2020-10-24,21.0,Veliko Tarnovo
2020-10-25,22.0,Veliko Tarnovo
2020-10-26,23.0,Veliko Tarnovo
2020-10-27,26.0,Veliko Tarnovo
2020-10-28,28.0,Veliko Tarnovo
2020-10-29,28.0,Veliko Tarnovo
2020-10-30,29.0,Veliko Tarnovo
2020-10-31,33.0,Veliko Tarnovo
2020-11-01,37.0,Veliko Tarnovo
2020-11-02,41.0,Veliko Tarnovo
2020-11-03,47.0,Veliko Tarnovo
2020-11-04,52.0,Veliko Tarnovo
2020-11-05,52.0,Veliko Tarnovo
2020-11-06,55.0,Veliko Tarnovo
2020-11-07,55.0,Veliko Tarnovo
2020-11-08,60.0,Veliko Tarnovo
2020-11-09,59.0,Veliko Tarnovo
2020-11-10,65.0,Veliko Tarnovo
2020-11-11,69.0,Veliko Tarnovo
2020-11-12,69.0,Veliko Tarnovo
2020-11-13,72.0,Veliko Tarnovo
2020-11-14,74.0,Veliko Tarnovo
2020-11-15,73.0,Veliko Tarnovo
2020-11-16,72.0,Veliko Tarnovo
2020-11-17,69.0,Veliko Tarnovo
2020-11-18,71.0,Veliko Tarnovo
2020-11-19,66.0,Veliko Tarnovo
2020-11-20,69.0,Veliko Tarnovo
2020-11-21,72.0,Veliko Tarnovo
2020-11-22,73.0,Veliko Tarnovo
2020-11-23,76.0,Veliko Tarnovo
2020-11-24,78.0,Veliko Tarnovo
2020-11-25,79.0,Veliko Tarnovo
2020-11-26,76.0,Veliko Tarnovo
2020-11-27,76.0,Veliko Tarnovo
2020-11-28,76.0,Veliko Tarnovo
2020-11-29,69.0,Veliko Tarnovo
2020-11-30,72.0,Veliko Tarnovo
2020-12-01,75.0,Veliko Tarnovo
2020-12-02,74.0,Veliko Tarnovo
2020-12-03,72.0,Veliko Tarnovo
2020-12-04,78.0,Veliko Tarnovo
2020-12-05,76.0,Veliko Tarnovo
2020-12-06,79.0,Veliko Tarnovo
2020-12-07,80.0,Veliko Tarnovo
2020-12-08,88.0,Veliko Tarnovo
2020-12-09,82.0,Veliko Tarnovo
2020-12-10,85.0,Veliko Tarnovo
2020-12-11,90.0,Veliko Tarnovo
2020-12-12,93.0,Veliko Tarnovo
2020-12-13,86.0,Veliko Tarnovo
2020-12-15,88.0,Veliko Tarnovo
2020-10-13,10.0,Sofiya-Oblast
2020-10-14,11.0,Sofiya-Oblast
2020-10-15,12.0,Sofiya-Oblast
2020-10-16,13.0,Sofiya-Oblast
2020-10-17,14.0,Sofiya-Oblast
2020-10-18,15.0,Sofiya-Oblast
2020-10-19,18.0,Sofiya-Oblast
2020-10-20,20.0,Sofiya-Oblast
2020-10-21,23.0,Sofiya-Oblast
2020-10-22,24.0,Sofiya-Oblast
2020-10-23,27.0,Sofiya-Oblast
2020-10-24,31.0,Sofiya-Oblast
2020-10-25,35.0,Sofiya-Oblast
2020-10-26,40.0,Sofiya-Oblast
2020-10-27,44.0,Sofiya-Oblast
2020-10-28,48.0,Sofiya-Oblast
2020-10-29,52.0,Sofiya-Oblast
2020-10-30,56.0,Sofiya-Oblast
2020-10-31,61.0,Sofiya-Oblast
2020-11-01,65.0,Sofiya-Oblast
2020-11-02,68.0,Sofiya-Oblast
2020-11-03,74.0,Sofiya-Oblast
2020-11-04,79.0,Sofiya-Oblast
2020-11-05,80.0,Sofiya-Oblast
2020-11-06,80.0,Sofiya-Oblast
2020-11-07,83.0,Sofiya-Oblast
2020-11-08,84.0,Sofiya-Oblast
2020-11-09,83.0,Sofiya-Oblast
2020-11-10,84.0,Sofiya-Oblast
2020-11-11,87.0,Sofiya-Oblast
2020-11-12,85.0,Sofiya-Oblast
2020-11-13,86.0,Sofiya-Oblast
2020-11-14,89.0,Sofiya-Oblast
2020-11-15,93.0,Sofiya-Oblast
2020-11-16,94.0,Sofiya-Oblast
2020-11-17,98.0,Sofiya-Oblast
2020-11-18,103.0,Sofiya-Oblast
2020-11-19,103.0,Sofiya-Oblast
2020-11-20,101.0,Sofiya-Oblast
2020-11-21,105.0,Sofiya-Oblast
2020-11-22,103.0,Sofiya-Oblast
2020-11-23,101.0,Sofiya-Oblast
2020-11-24,98.0,Sofiya-Oblast
2020-11-25,96.0,Sofiya-Oblast
2020-11-26,91.0,Sofiya-Oblast
2020-11-27,86.0,Sofiya-Oblast
2020-11-28,84.0,Sofiya-Oblast
2020-11-29,79.0,Sofiya-Oblast
2020-11-30,74.0,Sofiya-Oblast
2020-12-01,74.0,Sofiya-Oblast
2020-12-02,75.0,Sofiya-Oblast
2020-12-03,74.0,Sofiya-Oblast
2020-12-04,74.0,Sofiya-Oblast
2020-12-05,80.0,Sofiya-Oblast
2020-12-06,82.0,Sofiya-Oblast
2020-12-07,82.0,Sofiya-Oblast
2020-12-08,85.0,Sofiya-Oblast
2020-12-09,88.0,Sofiya-Oblast
2020-12-10,88.0,Sofiya-Oblast
2020-12-11,89.0,Sofiya-Oblast
2020-12-12,92.0,Sofiya-Oblast
2020-12-13,90.0,Sofiya-Oblast
2020-12-15,83.0,Sofiya-Oblast
2020-10-18,10.0,Haskovo
2020-10-19,12.0,Haskovo
2020-10-20,14.0,Haskovo
2020-10-21,15.0,Haskovo
2020-10-22,15.0,Haskovo
2020-10-23,17.0,Haskovo
2020-10-24,19.0,Haskovo
2020-10-25,20.0,Haskovo
2020-10-26,23.0,Haskovo
2020-10-27,27.0,Haskovo
2020-10-28,29.0,Haskovo
2020-10-29,30.0,Haskovo
2020-10-30,32.0,Haskovo
2020-10-31,34.0,Haskovo
2020-11-01,36.0,Haskovo
2020-11-02,38.0,Haskovo
2020-11-03,41.0,Haskovo
2020-11-04,41.0,Haskovo
2020-11-05,40.0,Haskovo
2020-11-06,41.0,Haskovo
2020-11-07,43.0,Haskovo
2020-11-08,44.0,Haskovo
2020-11-09,45.0,Haskovo
2020-11-10,50.0,Haskovo
2020-11-11,52.0,Haskovo
2020-11-12,52.0,Haskovo
2020-11-13,55.0,Haskovo
2020-11-14,58.0,Haskovo
2020-11-15,58.0,Haskovo
2020-11-16,59.0,Haskovo
2020-11-17,61.0,Haskovo
2020-11-18,63.0,Haskovo
2020-11-19,61.0,Haskovo
2020-11-20,63.0,Haskovo
2020-11-21,65.0,Haskovo
2020-11-22,65.0,Haskovo
2020-11-23,68.0,Haskovo
2020-11-24,72.0,Haskovo
2020-11-25,73.0,Haskovo
2020-11-26,72.0,Haskovo
2020-11-27,72.0,Haskovo
2020-11-28,73.0,Haskovo
2020-11-29,69.0,Haskovo
2020-11-30,65.0,Haskovo
2020-12-01,65.0,Haskovo
2020-12-02,64.0,Haskovo
2020-12-03,62.0,Haskovo
2020-12-04,64.0,Haskovo
2020-12-05,69.0,Haskovo
2020-12-06,68.0,Haskovo
2020-12-07,67.0,Haskovo
2020-12-08,69.0,Haskovo
2020-12-09,68.0,Haskovo
2020-12-10,68.0,Haskovo
2020-12-11,70.0,Haskovo
2020-12-12,72.0,Haskovo
2020-12-13,69.0,Haskovo
2020-12-15,62.0,Haskovo
2020-10-12,10.0,Ruse
2020-10-13,11.0,Ruse
2020-10-14,12.0,Ruse
2020-10-15,12.0,Ruse
2020-10-16,14.0,Ruse
2020-10-17,17.0,Ruse
2020-10-18,21.0,Ruse
2020-10-19,26.0,Ruse
2020-10-20,31.0,Ruse
2020-10-21,35.0,Ruse
2020-10-22,36.0,Ruse
2020-10-23,41.0,Ruse
2020-10-24,46.0,Ruse
2020-10-25,53.0,Ruse
2020-10-26,62.0,Ruse
2020-10-27,75.0,Ruse
2020-10-28,83.0,Ruse
2020-10-29,87.0,Ruse
2020-10-30,91.0,Ruse
2020-10-31,98.0,Ruse
2020-11-01,100.0,Ruse
2020-11-02,103.0,Ruse
2020-11-03,107.0,Ruse
2020-11-04,107.0,Ruse
2020-11-05,103.0,Ruse
2020-11-06,108.0,Ruse
2020-11-07,116.0,Ruse
2020-11-08,118.0,Ruse
2020-11-09,117.0,Ruse
2020-11-10,126.0,Ruse
2020-11-11,130.0,Ruse
2020-11-12,127.0,Ruse
2020-11-13,131.0,Ruse
2020-11-14,133.0,Ruse
2020-11-15,128.0,Ruse
2020-11-16,124.0,Ruse
2020-11-17,128.0,Ruse
2020-11-18,127.0,Ruse
2020-11-19,119.0,Ruse
2020-11-20,121.0,Ruse
2020-11-21,126.0,Ruse
2020-11-22,122.0,Ruse
2020-11-23,122.0,Ruse
2020-11-24,123.0,Ruse
2020-11-25,122.0,Ruse
2020-11-26,115.0,Ruse
2020-11-27,116.0,Ruse
2020-11-28,116.0,Ruse
2020-11-29,109.0,Ruse
2020-11-30,104.0,Ruse
2020-12-01,106.0,Ruse
2020-12-02,105.0,Ruse
2020-12-03,99.0,Ruse
2020-12-04,103.0,Ruse
2020-12-05,108.0,Ruse
2020-12-06,105.0,Ruse
2020-12-07,104.0,Ruse
2020-12-08,108.0,Ruse
2020-12-09,106.0,Ruse
2020-12-10,109.0,Ruse
2020-12-11,113.0,Ruse
2020-12-12,116.0,Ruse
2020-12-13,109.0,Ruse
2020-12-15,102.0,Ruse
2020-10-06,10.0,Sliven
2020-10-07,14.0,Sliven
2020-10-08,16.0,Sliven
2020-10-09,18.0,Sliven
2020-10-10,20.0,Sliven
2020-10-11,20.0,Sliven
2020-10-12,19.0,Sliven
2020-10-13,21.0,Sliven
2020-10-14,21.0,Sliven
2020-10-15,25.0,Sliven
2020-10-16,28.0,Sliven
2020-10-17,33.0,Sliven
2020-10-18,38.0,Sliven
2020-10-19,41.0,Sliven
2020-10-20,42.0,Sliven
2020-10-21,40.0,Sliven
2020-10-22,36.0,Sliven
2020-10-23,35.0,Sliven
2020-10-24,29.0,Sliven
2020-10-25,28.0,Sliven
2020-10-26,27.0,Sliven
2020-10-27,28.0,Sliven
2020-10-28,30.0,Sliven
2020-10-29,32.0,Sliven
2020-10-30,33.0,Sliven
2020-10-31,35.0,Sliven
2020-11-01,37.0,Sliven
2020-11-02,40.0,Sliven
2020-11-03,47.0,Sliven
2020-11-04,52.0,Sliven
2020-11-05,54.0,Sliven
2020-11-06,55.0,Sliven
2020-11-07,57.0,Sliven
2020-11-08,56.0,Sliven
2020-11-09,54.0,Sliven
2020-11-10,51.0,Sliven
2020-11-11,51.0,Sliven
2020-11-12,46.0,Sliven
2020-11-13,47.0,Sliven
2020-11-14,50.0,Sliven
2020-11-15,52.0,Sliven
2020-11-16,55.0,Sliven
2020-11-17,61.0,Sliven
2020-11-18,63.0,Sliven
2020-11-19,66.0,Sliven
2020-11-20,68.0,Sliven
2020-11-21,73.0,Sliven
2020-11-22,74.0,Sliven
2020-11-23,76.0,Sliven
2020-11-24,80.0,Sliven
2020-11-25,83.0,Sliven
2020-11-26,83.0,Sliven
2020-11-27,86.0,Sliven
2020-11-28,84.0,Sliven
2020-11-29,84.0,Sliven
2020-11-30,81.0,Sliven
2020-12-01,81.0,Sliven
2020-12-02,84.0,Sliven
2020-12-03,82.0,Sliven
2020-12-04,84.0,Sliven
2020-12-05,89.0,Sliven
2020-12-06,93.0,Sliven
2020-12-07,99.0,Sliven
2020-12-08,100.0,Sliven
2020-12-09,103.0,Sliven
2020-12-10,103.0,Sliven
2020-12-11,103.0,Sliven
2020-12-12,106.0,Sliven
2020-12-13,105.0,Sliven
2020-12-15,98.0,Sliven
2020-10-10,10.0,Shumen
2020-10-11,12.0,Shumen
2020-10-12,15.0,Shumen
2020-10-13,19.0,Shumen
2020-10-14,23.0,Shumen
2020-10-15,25.0,Shumen
2020-10-16,27.0,Shumen
2020-10-17,29.0,Shumen
2020-10-18,31.0,Shumen
2020-10-19,33.0,Shumen
2020-10-20,37.0,Shumen
2020-10-21,39.0,Shumen
2020-10-22,39.0,Shumen
2020-10-23,42.0,Shumen
2020-10-24,46.0,Shumen
2020-10-25,51.0,Shumen
2020-10-26,55.0,Shumen
2020-10-27,59.0,Shumen
2020-10-28,59.0,Shumen
2020-10-29,58.0,Shumen
2020-10-30,61.0,Shumen
2020-10-31,64.0,Shumen
2020-11-01,64.0,Shumen
2020-11-02,65.0,Shumen
2020-11-03,66.0,Shumen
2020-11-04,67.0,Shumen
2020-11-05,65.0,Shumen
2020-11-06,68.0,Shumen
2020-11-07,68.0,Shumen
2020-11-08,64.0,Shumen
2020-11-09,60.0,Shumen
2020-11-10,61.0,Shumen
2020-11-11,59.0,Shumen
2020-11-12,57.0,Shumen
2020-11-13,59.0,Shumen
2020-11-14,63.0,Shumen
2020-11-15,61.0,Shumen
2020-11-16,62.0,Shumen
2020-11-17,65.0,Shumen
2020-11-18,67.0,Shumen
2020-11-19,62.0,Shumen
2020-11-20,63.0,Shumen
2020-11-21,64.0,Shumen
2020-11-22,59.0,Shumen
2020-11-23,57.0,Shumen
2020-11-24,58.0,Shumen
2020-11-25,55.0,Shumen
2020-11-26,52.0,Shumen
2020-11-27,50.0,Shumen
2020-11-28,50.0,Shumen
2020-11-29,46.0,Shumen
2020-11-30,45.0,Shumen
2020-12-01,48.0,Shumen
2020-12-02,51.0,Shumen
2020-12-03,51.0,Shumen
2020-12-04,55.0,Shumen
2020-12-05,56.0,Shumen
2020-12-06,55.0,Shumen
2020-12-07,53.0,Shumen
2020-12-08,53.0,Shumen
2020-12-09,50.0,Shumen
2020-12-10,49.0,Shumen
2020-12-11,49.0,Shumen
2020-12-12,51.0,Shumen
2020-12-13,48.0,Shumen
2020-12-15,47.0,Shumen
2020-10-26,10.0,Dobrich
2020-10-27,11.0,Dobrich
2020-10-28,12.0,Dobrich
2020-10-29,13.0,Dobrich
2020-10-30,15.0,Dobrich
2020-10-31,17.0,Dobrich
2020-11-01,18.0,Dobrich
2020-11-02,19.0,Dobrich
2020-11-03,20.0,Dobrich
2020-11-04,22.0,Dobrich
2020-11-05,21.0,Dobrich
2020-11-06,22.0,Dobrich
2020-11-07,22.0,Dobrich
2020-11-08,24.0,Dobrich
2020-11-09,24.0,Dobrich
2020-11-10,27.0,Dobrich
2020-11-11,29.0,Dobrich
2020-11-12,31.0,Dobrich
2020-11-13,33.0,Dobrich
2020-11-14,38.0,Dobrich
2020-11-15,41.0,Dobrich
2020-11-16,45.0,Dobrich
2020-11-17,48.0,Dobrich
2020-11-18,59.0,Dobrich
2020-11-19,62.0,Dobrich
2020-11-20,65.0,Dobrich
2020-11-21,69.0,Dobrich
2020-11-22,68.0,Dobrich
2020-11-23,64.0,Dobrich
2020-11-24,61.0,Dobrich
2020-11-25,58.0,Dobrich
2020-11-26,54.0,Dobrich
2020-11-27,47.0,Dobrich
2020-11-28,48.0,Dobrich
2020-11-29,47.0,Dobrich
2020-11-30,43.0,Dobrich
2020-12-01,44.0,Dobrich
2020-12-02,46.0,Dobrich
2020-12-03,45.0,Dobrich
2020-12-04,44.0,Dobrich
2020-12-05,47.0,Dobrich
2020-12-06,50.0,Dobrich
2020-12-07,52.0,Dobrich
2020-12-08,54.0,Dobrich
2020-12-09,56.0,Dobrich
2020-12-10,56.0,Dobrich
2020-12-11,54.0,Dobrich
2020-12-12,56.0,Dobrich
2020-12-13,55.0,Dobrich
2020-12-15,51.0,Dobrich
2020-10-13,10.0,Vratsa
2020-10-14,12.0,Vratsa
2020-10-15,12.0,Vratsa
2020-10-16,14.0,Vratsa
2020-10-17,15.0,Vratsa
2020-10-18,16.0,Vratsa
2020-10-19,18.0,Vratsa
2020-10-20,18.0,Vratsa
2020-10-21,21.0,Vratsa
2020-10-22,22.0,Vratsa
2020-10-23,24.0,Vratsa
2020-10-24,27.0,Vratsa
2020-10-25,29.0,Vratsa
2020-10-26,33.0,Vratsa
2020-10-27,37.0,Vratsa
2020-10-28,41.0,Vratsa
2020-10-29,44.0,Vratsa
2020-10-30,46.0,Vratsa
2020-10-31,48.0,Vratsa
2020-11-01,53.0,Vratsa
2020-11-02,57.0,Vratsa
2020-11-03,63.0,Vratsa
2020-11-04,65.0,Vratsa
2020-11-05,64.0,Vratsa
2020-11-06,65.0,Vratsa
2020-11-07,65.0,Vratsa
2020-11-08,65.0,Vratsa
2020-11-09,63.0,Vratsa
2020-11-10,62.0,Vratsa
2020-11-11,61.0,Vratsa
2020-11-12,59.0,Vratsa
2020-11-13,62.0,Vratsa
2020-11-14,67.0,Vratsa
2020-11-15,65.0,Vratsa
2020-11-16,67.0,Vratsa
2020-11-17,69.0,Vratsa
2020-11-18,71.0,Vratsa
2020-11-19,68.0,Vratsa
2020-11-20,67.0,Vratsa
2020-11-21,69.0,Vratsa
2020-11-22,66.0,Vratsa
2020-11-23,66.0,Vratsa
2020-11-24,71.0,Vratsa
2020-11-25,70.0,Vratsa
2020-11-26,68.0,Vratsa
2020-11-27,69.0,Vratsa
2020-11-28,70.0,Vratsa
2020-11-29,66.0,Vratsa
2020-11-30,61.0,Vratsa
2020-12-01,64.0,Vratsa
2020-12-02,66.0,Vratsa
2020-12-03,66.0,Vratsa
2020-12-04,70.0,Vratsa
2020-12-05,74.0,Vratsa
2020-12-06,74.0,Vratsa
2020-12-07,75.0,Vratsa
2020-12-08,78.0,Vratsa
2020-12-09,79.0,Vratsa
2020-12-10,78.0,Vratsa
2020-12-11,80.0,Vratsa
2020-12-12,85.0,Vratsa
2020-12-13,85.0,Vratsa
2020-12-15,82.0,Vratsa
2020-10-09,10.0,Kardzhali
2020-10-10,10.0,Kardzhali
2020-10-11,11.0,Kardzhali
2020-10-12,12.0,Kardzhali
2020-10-13,13.0,Kardzhali
2020-10-14,14.0,Kardzhali
2020-10-15,14.0,Kardzhali
2020-10-16,15.0,Kardzhali
2020-10-17,15.0,Kardzhali
2020-10-18,16.0,Kardzhali
2020-10-19,18.0,Kardzhali
2020-10-20,20.0,Kardzhali
2020-10-21,23.0,Kardzhali
2020-10-22,24.0,Kardzhali
2020-10-23,27.0,Kardzhali
2020-10-24,30.0,Kardzhali
2020-10-25,32.0,Kardzhali
2020-10-26,33.0,Kardzhali
2020-10-27,36.0,Kardzhali
2020-10-28,35.0,Kardzhali
2020-10-29,35.0,Kardzhali
2020-10-30,34.0,Kardzhali
2020-10-31,34.0,Kardzhali
2020-11-01,32.0,Kardzhali
2020-11-02,29.0,Kardzhali
2020-11-03,28.0,Kardzhali
2020-11-04,27.0,Kardzhali
2020-11-05,23.0,Kardzhali
2020-11-06,24.0,Kardzhali
2020-11-07,23.0,Kardzhali
2020-11-08,21.0,Kardzhali
2020-11-09,20.0,Kardzhali
2020-11-10,19.0,Kardzhali
2020-11-11,19.0,Kardzhali
2020-11-12,17.0,Kardzhali
2020-11-13,17.0,Kardzhali
2020-11-14,16.0,Kardzhali
2020-11-15,14.0,Kardzhali
2020-11-16,14.0,Kardzhali
2020-11-17,14.0,Kardzhali
2020-11-18,14.0,Kardzhali
2020-11-19,13.0,Kardzhali
2020-11-20,14.0,Kardzhali
2020-11-21,14.0,Kardzhali
2020-11-22,13.0,Kardzhali
2020-11-23,13.0,Kardzhali
2020-11-24,12.0,Kardzhali
2020-11-25,12.0,Kardzhali
2020-11-26,11.0,Kardzhali
2020-11-27,11.0,Kardzhali
2020-11-28,11.0,Kardzhali
2020-11-29,11.0,Kardzhali
2020-11-30,12.0,Kardzhali
2020-12-01,13.0,Kardzhali
2020-12-02,14.0,Kardzhali
2020-12-03,15.0,Kardzhali
2020-12-04,16.0,Kardzhali
2020-12-05,17.0,Kardzhali
2020-12-06,18.0,Kardzhali
2020-12-07,18.0,Kardzhali
2020-12-08,18.0,Kardzhali
2020-12-09,18.0,Kardzhali
2020-12-10,19.0,Kardzhali
2020-12-11,19.0,Kardzhali
2020-12-12,20.0,Kardzhali
2020-12-13,19.0,Kardzhali
2020-12-15,18.0,Kardzhali
2020-10-12,11.0,Montana
2020-10-13,12.0,Montana
2020-10-14,13.0,Montana
2020-10-15,13.0,Montana
2020-10-16,13.0,Montana
2020-10-17,14.0,Montana
2020-10-18,15.0,Montana
2020-10-19,17.0,Montana
2020-10-20,19.0,Montana
2020-10-21,20.0,Montana
2020-10-22,22.0,Montana
2020-10-23,23.0,Montana
2020-10-24,24.0,Montana
2020-10-25,24.0,Montana
2020-10-26,24.0,Montana
2020-10-27,25.0,Montana
2020-10-28,27.0,Montana
2020-10-29,28.0,Montana
2020-10-30,32.0,Montana
2020-10-31,40.0,Montana
2020-11-01,47.0,Montana
2020-11-02,52.0,Montana
2020-11-03,60.0,Montana
2020-11-04,63.0,Montana
2020-11-05,63.0,Montana
2020-11-06,61.0,Montana
2020-11-07,62.0,Montana
2020-11-08,57.0,Montana
2020-11-09,54.0,Montana
2020-11-10,55.0,Montana
2020-11-11,56.0,Montana
2020-11-12,53.0,Montana
2020-11-13,53.0,Montana
2020-11-14,54.0,Montana
2020-11-15,54.0,Montana
2020-11-16,53.0,Montana
2020-11-17,57.0,Montana
2020-11-18,60.0,Montana
2020-11-19,58.0,Montana
2020-11-20,61.0,Montana
2020-11-21,61.0,Montana
2020-11-22,60.0,Montana
2020-11-23,56.0,Montana
2020-11-24,52.0,Montana
2020-11-25,50.0,Montana
2020-11-26,45.0,Montana
2020-11-27,41.0,Montana
2020-11-28,42.0,Montana
2020-11-29,40.0,Montana
2020-11-30,38.0,Montana
2020-12-01,38.0,Montana
2020-12-02,37.0,Montana
2020-12-03,36.0,Montana
2020-12-04,36.0,Montana
2020-12-05,37.0,Montana
2020-12-06,38.0,Montana
2020-12-07,37.0,Montana
2020-12-08,39.0,Montana
2020-12-09,39.0,Montana
2020-12-10,39.0,Montana
2020-12-11,40.0,Montana
2020-12-12,40.0,Montana
2020-12-13,37.0,Montana
2020-12-15,34.0,Montana
2020-10-17,10.0,Lovech
2020-10-18,11.0,Lovech
2020-10-19,12.0,Lovech
2020-10-20,12.0,Lovech
2020-10-21,13.0,Lovech
2020-10-22,12.0,Lovech
2020-10-23,13.0,Lovech
2020-10-24,14.0,Lovech
2020-10-25,15.0,Lovech
2020-10-26,15.0,Lovech
2020-10-27,18.0,Lovech
2020-10-28,20.0,Lovech
2020-10-29,21.0,Lovech
2020-10-30,23.0,Lovech
2020-10-31,24.0,Lovech
2020-11-01,27.0,Lovech
2020-11-02,28.0,Lovech
2020-11-03,29.0,Lovech
2020-11-04,31.0,Lovech
2020-11-05,30.0,Lovech
2020-11-06,30.0,Lovech
2020-11-07,31.0,Lovech
2020-11-08,30.0,Lovech
2020-11-09,31.0,Lovech
2020-11-10,30.0,Lovech
2020-11-11,32.0,Lovech
2020-11-12,33.0,Lovech
2020-11-13,34.0,Lovech
2020-11-14,36.0,Lovech
2020-11-15,36.0,Lovech
2020-11-16,36.0,Lovech
2020-11-17,36.0,Lovech
2020-11-18,37.0,Lovech
2020-11-19,37.0,Lovech
2020-11-20,37.0,Lovech
2020-11-21,37.0,Lovech
2020-11-22,37.0,Lovech
2020-11-23,36.0,Lovech
2020-11-24,37.0,Lovech
2020-11-25,37.0,Lovech
2020-11-26,38.0,Lovech
2020-11-27,37.0,Lovech
2020-11-28,38.0,Lovech
2020-11-29,36.0,Lovech
2020-11-30,35.0,Lovech
2020-12-01,35.0,Lovech
2020-12-02,34.0,Lovech
2020-12-03,32.0,Lovech
2020-12-04,31.0,Lovech
2020-12-05,32.0,Lovech
2020-12-06,33.0,Lovech
2020-12-07,34.0,Lovech
2020-12-08,38.0,Lovech
2020-12-09,39.0,Lovech
2020-12-10,40.0,Lovech
2020-12-11,41.0,Lovech
2020-12-12,43.0,Lovech
2020-12-13,43.0,Lovech
2020-12-15,39.0,Lovech
2020-10-17,10.0,Pernik
2020-10-18,11.0,Pernik
2020-10-19,14.0,Pernik
2020-10-20,16.0,Pernik
2020-10-21,19.0,Pernik
2020-10-22,19.0,Pernik
2020-10-23,22.0,Pernik
2020-10-24,24.0,Pernik
2020-10-25,28.0,Pernik
2020-10-26,31.0,Pernik
2020-10-27,35.0,Pernik
2020-10-28,37.0,Pernik
2020-10-29,40.0,Pernik
2020-10-30,43.0,Pernik
2020-10-31,48.0,Pernik
2020-11-01,50.0,Pernik
2020-11-02,56.0,Pernik
2020-11-03,61.0,Pernik
2020-11-04,64.0,Pernik
2020-11-05,63.0,Pernik
2020-11-06,65.0,Pernik
2020-11-07,66.0,Pernik
2020-11-08,67.0,Pernik
2020-11-09,68.0,Pernik
2020-11-10,70.0,Pernik
2020-11-11,69.0,Pernik
2020-11-12,66.0,Pernik
2020-11-13,66.0,Pernik
2020-11-14,67.0,Pernik
2020-11-15,64.0,Pernik
2020-11-16,62.0,Pernik
2020-11-17,63.0,Pernik
2020-11-18,63.0,Pernik
2020-11-19,62.0,Pernik
2020-11-20,62.0,Pernik
2020-11-21,65.0,Pernik
2020-11-22,63.0,Pernik
2020-11-23,61.0,Pernik
2020-11-24,62.0,Pernik
2020-11-25,61.0,Pernik
2020-11-26,58.0,Pernik
2020-11-27,57.0,Pernik
2020-11-28,57.0,Pernik
2020-11-29,53.0,Pernik
2020-11-30,49.0,Pernik
2020-12-01,49.0,Pernik
2020-12-02,50.0,Pernik
2020-12-03,48.0,Pernik
2020-12-04,47.0,Pernik
2020-12-05,49.0,Pernik
2020-12-06,47.0,Pernik
2020-12-07,45.0,Pernik
2020-12-08,48.0,Pernik
2020-12-09,50.0,Pernik
2020-12-10,51.0,Pernik
2020-12-11,53.0,Pernik
2020-12-12,56.0,Pernik
2020-12-13,56.0,Pernik
2020-12-15,52.0,Pernik
2020-10-23,11.0,Yambol
2020-10-24,13.0,Yambol
2020-10-25,15.0,Yambol
2020-10-26,16.0,Yambol
2020-10-27,19.0,Yambol
2020-10-28,21.0,Yambol
2020-10-29,21.0,Yambol
2020-10-30,21.0,Yambol
2020-10-31,22.0,Yambol
2020-11-01,22.0,Yambol
2020-11-02,25.0,Yambol
2020-11-03,29.0,Yambol
2020-11-04,34.0,Yambol
2020-11-05,35.0,Yambol
2020-11-06,36.0,Yambol
2020-11-07,40.0,Yambol
2020-11-08,43.0,Yambol
2020-11-09,44.0,Yambol
2020-11-10,46.0,Yambol
2020-11-11,48.0,Yambol
2020-11-12,47.0,Yambol
2020-11-13,45.0,Yambol
2020-11-14,46.0,Yambol
2020-11-15,47.0,Yambol
2020-11-16,45.0,Yambol
2020-11-17,48.0,Yambol
2020-11-18,54.0,Yambol
2020-11-19,60.0,Yambol
2020-11-20,63.0,Yambol
2020-11-21,69.0,Yambol
2020-11-22,73.0,Yambol
2020-11-23,72.0,Yambol
2020-11-24,74.0,Yambol
2020-11-25,73.0,Yambol
2020-11-26,69.0,Yambol
2020-11-27,64.0,Yambol
2020-11-28,63.0,Yambol
2020-11-29,63.0,Yambol
2020-11-30,59.0,Yambol
2020-12-01,57.0,Yambol
2020-12-02,60.0,Yambol
2020-12-03,57.0,Yambol
2020-12-04,58.0,Yambol
2020-12-05,60.0,Yambol
2020-12-06,62.0,Yambol
2020-12-07,61.0,Yambol
2020-12-08,63.0,Yambol
2020-12-09,62.0,Yambol
2020-12-10,60.0,Yambol
2020-12-11,58.0,Yambol
2020-12-12,58.0,Yambol
2020-12-13,56.0,Yambol
2020-12-15,48.0,Yambol
2020-10-21,12.0,Kyustendil
2020-10-22,13.0,Kyustendil
2020-10-23,15.0,Kyustendil
2020-10-24,17.0,Kyustendil
2020-10-25,20.0,Kyustendil
2020-10-26,21.0,Kyustendil
2020-10-27,23.0,Kyustendil
2020-10-28,26.0,Kyustendil
2020-10-29,28.0,Kyustendil
2020-10-30,30.0,Kyustendil
2020-10-31,36.0,Kyustendil
2020-11-01,41.0,Kyustendil
2020-11-02,47.0,Kyustendil
2020-11-03,52.0,Kyustendil
2020-11-04,58.0,Kyustendil
2020-11-05,61.0,Kyustendil
2020-11-06,63.0,Kyustendil
2020-11-07,70.0,Kyustendil
2020-11-08,74.0,Kyustendil
2020-11-09,76.0,Kyustendil
2020-11-10,79.0,Kyustendil
2020-11-11,82.0,Kyustendil
2020-11-12,84.0,Kyustendil
2020-11-13,88.0,Kyustendil
2020-11-14,92.0,Kyustendil
2020-11-15,90.0,Kyustendil
2020-11-16,90.0,Kyustendil
2020-11-17,96.0,Kyustendil
2020-11-18,98.0,Kyustendil
2020-11-19,100.0,Kyustendil
2020-11-20,97.0,Kyustendil
2020-11-21,98.0,Kyustendil
2020-11-22,96.0,Kyustendil
2020-11-23,94.0,Kyustendil
2020-11-24,94.0,Kyustendil
2020-11-25,92.0,Kyustendil
2020-11-26,87.0,Kyustendil
2020-11-27,82.0,Kyustendil
2020-11-28,82.0,Kyustendil
2020-11-29,79.0,Kyustendil
2020-11-30,72.0,Kyustendil
2020-12-01,70.0,Kyustendil
2020-12-02,69.0,Kyustendil
2020-12-03,67.0,Kyustendil
2020-12-04,64.0,Kyustendil
2020-12-05,62.0,Kyustendil
2020-12-06,59.0,Kyustendil
2020-12-07,52.0,Kyustendil
2020-12-08,53.0,Kyustendil
2020-12-09,52.0,Kyustendil
2020-12-10,50.0,Kyustendil
2020-12-11,50.0,Kyustendil
2020-12-12,53.0,Kyustendil
2020-12-13,55.0,Kyustendil
2020-12-15,55.0,Kyustendil
2020-09-26,10.0,Targovishte
2020-09-27,10.0,Targovishte
2020-09-28,10.0,Targovishte
2020-09-29,9.0,Targovishte
2020-09-30,9.0,Targovishte
2020-10-01,9.0,Targovishte
2020-10-02,9.0,Targovishte
2020-10-03,10.0,Targovishte
2020-10-04,10.0,Targovishte
2020-10-05,10.0,Targovishte
2020-10-06,11.0,Targovishte
2020-10-07,12.0,Targovishte
2020-10-08,12.0,Targovishte
2020-10-09,13.0,Targovishte
2020-10-10,13.0,Targovishte
2020-10-11,15.0,Targovishte
2020-10-12,18.0,Targovishte
2020-10-13,21.0,Targovishte
2020-10-14,25.0,Targovishte
2020-10-15,27.0,Targovishte
2020-10-16,30.0,Targovishte
2020-10-17,34.0,Targovishte
2020-10-18,36.0,Targovishte
2020-10-19,40.0,Targovishte
2020-10-20,41.0,Targovishte
2020-10-21,43.0,Targovishte
2020-10-22,43.0,Targovishte
2020-10-23,43.0,Targovishte
2020-10-24,42.0,Targovishte
2020-10-25,42.0,Targovishte
2020-10-26,40.0,Targovishte
2020-10-27,41.0,Targovishte
2020-10-28,40.0,Targovishte
2020-10-29,40.0,Targovishte
2020-10-30,39.0,Targovishte
2020-10-31,37.0,Targovishte
2020-11-01,37.0,Targovishte
2020-11-02,34.0,Targovishte
2020-11-03,33.0,Targovishte
2020-11-04,33.0,Targovishte
2020-11-05,30.0,Targovishte
2020-11-06,31.0,Targovishte
2020-11-07,30.0,Targovishte
2020-11-08,29.0,Targovishte
2020-11-09,27.0,Targovishte
2020-11-10,26.0,Targovishte
2020-11-11,26.0,Targovishte
2020-11-12,25.0,Targovishte
2020-11-13,25.0,Targovishte
2020-11-14,27.0,Targovishte
2020-11-15,26.0,Targovishte
2020-11-16,25.0,Targovishte
2020-11-17,24.0,Targovishte
2020-11-18,23.0,Targovishte
2020-11-19,19.0,Targovishte
2020-11-20,19.0,Targovishte
2020-11-21,20.0,Targovishte
2020-11-22,20.0,Targovishte
2020-11-23,20.0,Targovishte
2020-11-24,20.0,Targovishte
2020-11-25,20.0,Targovishte
2020-11-26,19.0,Targovishte
2020-11-27,19.0,Targovishte
2020-11-28,17.0,Targovishte
2020-11-29,15.0,Targovishte
2020-11-30,14.0,Targovishte
2020-12-01,14.0,Targovishte
2020-12-02,14.0,Targovishte
2020-12-03,14.0,Targovishte
2020-12-04,14.0,Targovishte
2020-12-05,15.0,Targovishte
2020-12-06,15.0,Targovishte
2020-12-07,16.0,Targovishte
2020-12-08,16.0,Targovishte
2020-12-09,15.0,Targovishte
2020-12-10,16.0,Targovishte
2020-12-11,16.0,Targovishte
2020-12-12,16.0,Targovishte
2020-12-13,16.0,Targovishte
2020-12-15,15.0,Targovishte
2020-10-12,10.0,Razgrad
2020-10-13,11.0,Razgrad
2020-10-14,12.0,Razgrad
2020-10-15,12.0,Razgrad
2020-10-16,12.0,Razgrad
2020-10-17,13.0,Razgrad
2020-10-18,12.0,Razgrad
2020-10-19,13.0,Razgrad
2020-10-20,14.0,Razgrad
2020-10-21,16.0,Razgrad
2020-10-22,16.0,Razgrad
2020-10-23,18.0,Razgrad
2020-10-24,21.0,Razgrad
2020-10-25,22.0,Razgrad
2020-10-26,25.0,Razgrad
2020-10-27,28.0,Razgrad
2020-10-28,30.0,Razgrad
2020-10-29,32.0,Razgrad
2020-10-30,33.0,Razgrad
2020-10-31,35.0,Razgrad
2020-11-01,37.0,Razgrad
2020-11-02,37.0,Razgrad
2020-11-03,38.0,Razgrad
2020-11-04,37.0,Razgrad
2020-11-05,36.0,Razgrad
2020-11-06,36.0,Razgrad
2020-11-07,37.0,Razgrad
2020-11-08,36.0,Razgrad
2020-11-09,34.0,Razgrad
2020-11-10,35.0,Razgrad
2020-11-11,36.0,Razgrad
2020-11-12,35.0,Razgrad
2020-11-13,35.0,Razgrad
2020-11-14,35.0,Razgrad
2020-11-15,34.0,Razgrad
2020-11-16,33.0,Razgrad
2020-11-17,33.0,Razgrad
2020-11-18,33.0,Razgrad
2020-11-19,30.0,Razgrad
2020-11-20,29.0,Razgrad
2020-11-21,29.0,Razgrad
2020-11-22,28.0,Razgrad
2020-11-23,28.0,Razgrad
2020-11-24,28.0,Razgrad
2020-11-25,28.0,Razgrad
2020-11-26,27.0,Razgrad
2020-11-27,26.0,Razgrad
2020-11-28,26.0,Razgrad
2020-11-29,25.0,Razgrad
2020-11-30,23.0,Razgrad
2020-12-01,22.0,Razgrad
2020-12-02,22.0,Razgrad
2020-12-03,20.0,Razgrad
2020-12-04,20.0,Razgrad
2020-12-05,20.0,Razgrad
2020-12-06,20.0,Razgrad
2020-12-07,21.0,Razgrad
2020-12-08,22.0,Razgrad
2020-12-09,21.0,Razgrad
2020-12-10,24.0,Razgrad
2020-12-11,26.0,Razgrad
2020-12-12,28.0,Razgrad
2020-12-13,30.0,Razgrad
2020-12-15,31.0,Razgrad
2020-10-28,11.0,Silistra
2020-10-29,13.0,Silistra
2020-10-30,14.0,Silistra
2020-10-31,18.0,Silistra
2020-11-01,21.0,Silistra
2020-11-02,23.0,Silistra
2020-11-03,25.0,Silistra
2020-11-04,26.0,Silistra
2020-11-05,26.0,Silistra
2020-11-06,24.0,Silistra
2020-11-07,28.0,Silistra
2020-11-08,31.0,Silistra
2020-11-09,34.0,Silistra
2020-11-10,38.0,Silistra
2020-11-11,41.0,Silistra
2020-11-12,41.0,Silistra
2020-11-13,45.0,Silistra
2020-11-14,48.0,Silistra
2020-11-15,52.0,Silistra
2020-11-16,53.0,Silistra
2020-11-17,60.0,Silistra
2020-11-18,62.0,Silistra
2020-11-19,61.0,Silistra
2020-11-20,60.0,Silistra
2020-11-21,59.0,Silistra
2020-11-22,53.0,Silistra
2020-11-23,48.0,Silistra
2020-11-24,44.0,Silistra
2020-11-25,41.0,Silistra
2020-11-26,38.0,Silistra
2020-11-27,39.0,Silistra
2020-11-28,38.0,Silistra
2020-11-29,36.0,Silistra
2020-11-30,34.0,Silistra
2020-12-01,38.0,Silistra
2020-12-02,39.0,Silistra
2020-12-03,39.0,Silistra
2020-12-04,41.0,Silistra
2020-12-05,43.0,Silistra
2020-12-06,40.0,Silistra
2020-12-07,40.0,Silistra
2020-12-08,38.0,Silistra
2020-12-09,36.0,Silistra
2020-12-10,34.0,Silistra
2020-12-11,36.0,Silistra
2020-12-12,37.0,Silistra
2020-12-13,35.0,Silistra
2020-12-15,35.0,Silistra
2020-10-14,10.0,Gabrovo
2020-10-15,13.0,Gabrovo
2020-10-16,15.0,Gabrovo
2020-10-17,17.0,Gabrovo
2020-10-18,20.0,Gabrovo
2020-10-19,22.0,Gabrovo
2020-10-20,22.0,Gabrovo
2020-10-21,24.0,Gabrovo
2020-10-22,23.0,Gabrovo
2020-10-23,23.0,Gabrovo
2020-10-24,24.0,Gabrovo
2020-10-25,26.0,Gabrovo
2020-10-26,30.0,Gabrovo
2020-10-27,34.0,Gabrovo
2020-10-28,40.0,Gabrovo
2020-10-29,43.0,Gabrovo
2020-10-30,45.0,Gabrovo
2020-10-31,49.0,Gabrovo
2020-11-01,52.0,Gabrovo
2020-11-02,55.0,Gabrovo
2020-11-03,61.0,Gabrovo
2020-11-04,63.0,Gabrovo
2020-11-05,62.0,Gabrovo
2020-11-06,65.0,Gabrovo
2020-11-07,66.0,Gabrovo
2020-11-08,71.0,Gabrovo
2020-11-09,76.0,Gabrovo
2020-11-10,82.0,Gabrovo
2020-11-11,88.0,Gabrovo
2020-11-12,86.0,Gabrovo
2020-11-13,92.0,Gabrovo
2020-11-14,95.0,Gabrovo
2020-11-15,93.0,Gabrovo
2020-11-16,94.0,Gabrovo
2020-11-17,93.0,Gabrovo
2020-11-18,94.0,Gabrovo
2020-11-19,90.0,Gabrovo
2020-11-20,86.0,Gabrovo
2020-11-21,89.0,Gabrovo
2020-11-22,83.0,Gabrovo
2020-11-23,81.0,Gabrovo
2020-11-24,81.0,Gabrovo
2020-11-25,79.0,Gabrovo
2020-11-26,75.0,Gabrovo
2020-11-27,73.0,Gabrovo
2020-11-28,72.0,Gabrovo
2020-11-29,70.0,Gabrovo
2020-11-30,61.0,Gabrovo
2020-12-01,60.0,Gabrovo
2020-12-02,56.0,Gabrovo
2020-12-03,53.0,Gabrovo
2020-12-04,53.0,Gabrovo
2020-12-05,53.0,Gabrovo
2020-12-06,51.0,Gabrovo
2020-12-07,50.0,Gabrovo
2020-12-08,49.0,Gabrovo
2020-12-09,47.0,Gabrovo
2020-12-10,45.0,Gabrovo
2020-12-11,45.0,Gabrovo
2020-12-12,44.0,Gabrovo
2020-12-13,39.0,Gabrovo
2020-12-15,34.0,Gabrovo
2020-10-17,10.0,Smolyan
2020-10-18,11.0,Smolyan
2020-10-19,11.0,Smolyan
2020-10-20,12.0,Smolyan
2020-10-21,11.0,Smolyan
2020-10-22,11.0,Smolyan
2020-10-23,11.0,Smolyan
2020-10-24,11.0,Smolyan
2020-10-25,11.0,Smolyan
2020-10-26,13.0,Smolyan
2020-10-27,14.0,Smolyan
2020-10-28,15.0,Smolyan
2020-10-29,15.0,Smolyan
2020-10-30,16.0,Smolyan
2020-10-31,17.0,Smolyan
2020-11-01,18.0,Smolyan
2020-11-02,19.0,Smolyan
2020-11-03,20.0,Smolyan
2020-11-04,21.0,Smolyan
2020-11-05,21.0,Smolyan
2020-11-06,22.0,Smolyan
2020-11-07,22.0,Smolyan
2020-11-08,23.0,Smolyan
2020-11-09,22.0,Smolyan
2020-11-10,22.0,Smolyan
2020-11-11,21.0,Smolyan
2020-11-12,20.0,Smolyan
2020-11-13,20.0,Smolyan
2020-11-14,18.0,Smolyan
2020-11-15,18.0,Smolyan
2020-11-16,17.0,Smolyan
2020-11-17,17.0,Smolyan
2020-11-18,17.0,Smolyan
2020-11-19,17.0,Smolyan
2020-11-20,17.0,Smolyan
2020-11-21,17.0,Smolyan
2020-11-22,15.0,Smolyan
2020-11-23,16.0,Smolyan
2020-11-24,15.0,Smolyan
2020-11-25,17.0,Smolyan
2020-11-26,17.0,Smolyan
2020-11-27,19.0,Smolyan
2020-11-28,21.0,Smolyan
2020-11-29,23.0,Smolyan
2020-11-30,23.0,Smolyan
2020-12-01,25.0,Smolyan
2020-12-02,25.0,Smolyan
2020-12-03,24.0,Smolyan
2020-12-04,23.0,Smolyan
2020-12-05,22.0,Smolyan
2020-12-06,20.0,Smolyan
2020-12-07,20.0,Smolyan
2020-12-08,19.0,Smolyan
2020-12-09,19.0,Smolyan
2020-12-10,20.0,Smolyan
2020-12-11,22.0,Smolyan
2020-12-12,24.0,Smolyan
2020-12-13,24.0,Smolyan
2020-12-15,25.0,Smolyan
2020-10-29,10.0,Vidin
2020-10-30,10.0,Vidin
2020-10-31,13.0,Vidin
2020-11-01,15.0,Vidin
2020-11-02,16.0,Vidin
2020-11-03,18.0,Vidin
2020-11-04,21.0,Vidin
2020-11-05,23.0,Vidin
2020-11-06,25.0,Vidin
2020-11-07,25.0,Vidin
2020-11-08,27.0,Vidin
2020-11-09,29.0,Vidin
2020-11-10,30.0,Vidin
2020-11-11,31.0,Vidin
2020-11-12,32.0,Vidin
2020-11-13,29.0,Vidin
2020-11-14,27.0,Vidin
2020-11-15,23.0,Vidin
2020-11-16,21.0,Vidin
2020-11-17,18.0,Vidin
2020-11-18,15.0,Vidin
2020-11-19,17.0,Vidin
2020-11-20,19.0,Vidin
2020-11-21,22.0,Vidin
2020-11-22,24.0,Vidin
2020-11-23,25.0,Vidin
2020-11-24,26.0,Vidin
2020-11-25,25.0,Vidin
2020-11-26,25.0,Vidin
2020-11-27,23.0,Vidin
2020-11-28,21.0,Vidin
2020-11-29,21.0,Vidin
2020-11-30,20.0,Vidin
2020-12-01,19.0,Vidin
2020-12-02,19.0,Vidin
2020-12-03,18.0,Vidin
2020-12-04,17.0,Vidin
2020-12-05,18.0,Vidin
2020-12-06,18.0,Vidin
2020-12-07,18.0,Vidin
2020-12-08,18.0,Vidin
2020-12-09,19.0,Vidin
2020-12-10,18.0,Vidin
2020-12-11,19.0,Vidin
2020-12-12,19.0,Vidin
2020-12-13,20.0,Vidin
2020-12-15,19.0,Vidin
